Year,MilitaryExpenditure
1911,0.649157
1932,1.04026
1936,1.68236
1949,14.6418
1951,15.6318
1989,1.9248