Year,MilitaryExpenditure
1839,1.93143
1840,2.02054
1843,2.38639
1857,2.82941
1899,3.51282
1914,13.8931
1939,30.0745
1998,2.47638