Year,MilitaryExpenditure
1846,2.21743
1861,9.80376
1910,0.805399
1917,1.09267
1941,4.87001
1950,4.84976
1964,7.48775
1990,4.82406
2014,3.50664